{"cameraMode":{"drawMode":0,"name":"Shaded","section":"Shading Mode"},"sceneLighting":true,"audioPlay":false,"sceneViewState":{"showFog":true,"showMaterialUpdate":true,"showSkybox":true,"showFlares":true,"showImageEffects":true,"showParticleSystems":true},"in2DMode":false,"pivot":{"x":-5.631105422973633,"y":2.838003635406494,"z":-42.892173767089847},"rotation":{"x":-0.07418333739042282,"y":-0.22369618713855744,"z":-0.0170552097260952,"w":0.971713125705719},"size":11.028468132019043,"orthographic":false}