{"cameraMode":{"drawMode":0,"name":"Shaded","section":"Shading Mode"},"sceneLighting":true,"audioPlay":false,"sceneViewState":{"showFog":true,"showMaterialUpdate":true,"showSkybox":true,"showFlares":true,"showImageEffects":true,"showParticleSystems":true},"in2DMode":false,"pivot":{"x":4.0,"y":8.742027282714844,"z":33.87195587158203},"rotation":{"x":-0.050766874104738238,"y":0.7585022449493408,"z":-0.05951978638768196,"w":-0.6469578742980957},"size":-32.38119888305664,"orthographic":false}