{"cameraMode":{"drawMode":0,"name":"Shaded","section":"Shading Mode"},"sceneLighting":true,"audioPlay":false,"sceneViewState":{"showFog":true,"showMaterialUpdate":true,"showSkybox":true,"showFlares":true,"showImageEffects":true,"showParticleSystems":true},"in2DMode":false,"pivot":{"x":48.5260009765625,"y":45.400001525878909,"z":25.185649871826173},"rotation":{"x":0.03822757303714752,"y":-0.9617286920547485,"z":0.1962708979845047,"w":0.18749451637268067},"size":6.888290882110596,"orthographic":false}