{"cameraMode":{"drawMode":0,"name":"Shaded","section":"Shading Mode"},"sceneLighting":true,"audioPlay":false,"sceneViewState":{"showFog":true,"showMaterialUpdate":true,"showSkybox":true,"showFlares":true,"showImageEffects":true,"showParticleSystems":true},"in2DMode":false,"pivot":{"x":-75.04753875732422,"y":10.942648887634278,"z":-48.322959899902347},"rotation":{"x":0.025819553062319757,"y":-0.6689103841781616,"z":0.023337993770837785,"w":0.7425676584243774},"size":70.97615814208985,"orthographic":false}