{"cameraMode":{"drawMode":0,"name":"Shaded","section":"Shading Mode"},"sceneLighting":false,"audioPlay":false,"sceneViewState":{"showFog":true,"showMaterialUpdate":true,"showSkybox":true,"showFlares":true,"showImageEffects":true,"showParticleSystems":true},"in2DMode":false,"pivot":{"x":25.44070816040039,"y":13.811226844787598,"z":7.090152740478516},"rotation":{"x":0.08451700955629349,"y":0.8758589625358582,"z":-0.16648994386196137,"w":0.44504815340042117},"size":42.89255142211914,"orthographic":false}