{"cameraMode":{"drawMode":0,"name":"Shaded","section":"Shading Mode"},"sceneLighting":true,"audioPlay":false,"sceneViewState":{"showFog":true,"showMaterialUpdate":true,"showSkybox":true,"showFlares":true,"showImageEffects":true,"showParticleSystems":true},"in2DMode":false,"pivot":{"x":56.281219482421878,"y":31.410207748413087,"z":32.01295471191406},"rotation":{"x":0.005184216890484095,"y":0.9904957413673401,"z":-0.03895612433552742,"w":0.13181379437446595},"size":17.016550064086915,"orthographic":false}