{"cameraMode":{"drawMode":0,"name":"Shaded","section":"Shading Mode"},"sceneLighting":false,"audioPlay":false,"sceneViewState":{"showFog":true,"showMaterialUpdate":true,"showSkybox":true,"showFlares":true,"showImageEffects":true,"showParticleSystems":true},"in2DMode":false,"pivot":{"x":53.0260009765625,"y":39.189918518066409,"z":23.478994369506837},"rotation":{"x":-0.1214500367641449,"y":-0.6761948466300964,"z":-0.11449365317821503,"w":0.7176061272621155},"size":13.603057861328125,"orthographic":false}