{"cameraMode":{"drawMode":0,"name":"Shaded","section":"Shading Mode"},"sceneLighting":false,"audioPlay":false,"sceneViewState":{"showFog":true,"showMaterialUpdate":true,"showSkybox":true,"showFlares":true,"showImageEffects":true,"showParticleSystems":true},"in2DMode":false,"pivot":{"x":13.5,"y":-1.4289865493774415,"z":-69.79598236083985},"rotation":{"x":-0.16058386862277986,"y":-0.7133089900016785,"z":0.17369498312473298,"w":-0.6597593426704407},"size":6.842747688293457,"orthographic":false}