{"cameraMode":{"drawMode":0,"name":"Shaded","section":"Shading Mode"},"sceneLighting":true,"audioPlay":false,"sceneViewState":{"showFog":true,"showMaterialUpdate":true,"showSkybox":true,"showFlares":true,"showImageEffects":true,"showParticleSystems":true},"in2DMode":false,"pivot":{"x":52.781288146972659,"y":47.602630615234378,"z":15.494548797607422},"rotation":{"x":-0.027636712417006494,"y":0.9027178287506104,"z":-0.058574628084897998,"w":-0.4254010021686554},"size":3.465803384780884,"orthographic":false}