{"cameraMode":{"drawMode":0,"name":"Shaded","section":"Shading Mode"},"sceneLighting":true,"audioPlay":false,"sceneViewState":{"showFog":true,"showMaterialUpdate":true,"showSkybox":true,"showFlares":true,"showImageEffects":true,"showParticleSystems":true},"in2DMode":false,"pivot":{"x":318.75830078125,"y":247.3899383544922,"z":32.959617614746097},"rotation":{"x":0.05877787247300148,"y":0.001735895173624158,"z":-0.00006830955680925399,"w":0.9983001947402954},"size":192.89877319335938,"orthographic":false}