{"cameraMode":{"drawMode":0,"name":"Shaded","section":"Shading Mode"},"sceneLighting":true,"audioPlay":false,"sceneViewState":{"showFog":true,"showMaterialUpdate":true,"showSkybox":true,"showFlares":true,"showImageEffects":true,"showParticleSystems":true},"in2DMode":false,"pivot":{"x":-112.91815185546875,"y":10.904434204101563,"z":-48.42699432373047},"rotation":{"x":-0.027636712417006494,"y":0.9027178287506104,"z":-0.058574628084897998,"w":-0.4254010021686554},"size":5.5874199867248539,"orthographic":false}