{"cameraMode":{"drawMode":0,"name":"Shaded","section":"Shading Mode"},"sceneLighting":true,"audioPlay":false,"sceneViewState":{"showFog":true,"showMaterialUpdate":true,"showSkybox":true,"showFlares":true,"showImageEffects":true,"showParticleSystems":true},"in2DMode":false,"pivot":{"x":238.15789794921876,"y":68.9825668334961,"z":12.15847396850586},"rotation":{"x":0.05877787247300148,"y":0.001735895173624158,"z":-0.00006830955680925399,"w":0.9983001947402954},"size":66.45243835449219,"orthographic":false}