{"cameraMode":{"drawMode":0,"name":"Shaded","section":"Shading Mode"},"sceneLighting":false,"audioPlay":false,"sceneViewState":{"showFog":true,"showMaterialUpdate":true,"showSkybox":true,"showFlares":true,"showImageEffects":true,"showParticleSystems":true},"in2DMode":false,"pivot":{"x":48.26499938964844,"y":44.474998474121097,"z":12.90505599975586},"rotation":{"x":0.10988364368677139,"y":0.2912803888320923,"z":0.03370250388979912,"w":-0.9497096538543701},"size":2.788165807723999,"orthographic":false}