{"cameraMode":{"drawMode":0,"name":"Shaded","section":"Shading Mode"},"sceneLighting":true,"audioPlay":false,"sceneViewState":{"showFog":true,"showMaterialUpdate":true,"showSkybox":true,"showFlares":true,"showImageEffects":true,"showParticleSystems":true},"in2DMode":false,"pivot":{"x":48.84035110473633,"y":45.400001525878909,"z":25.5},"rotation":{"x":-0.031119493767619134,"y":-0.9676151275634766,"z":0.14951054751873017,"w":-0.20114773511886598},"size":14.39400863647461,"orthographic":false}