{"cameraMode":{"drawMode":0,"name":"Shaded","section":"Shading Mode"},"sceneLighting":true,"audioPlay":false,"sceneViewState":{"showFog":true,"showMaterialUpdate":true,"showSkybox":true,"showFlares":true,"showImageEffects":true,"showParticleSystems":true},"in2DMode":false,"pivot":{"x":-16.75,"y":2.9627861976623537,"z":-49.63999938964844},"rotation":{"x":-0.017686424776911737,"y":-0.7102893590927124,"z":-0.01793396845459938,"w":0.7034996747970581},"size":3.406324863433838,"orthographic":false}