{"cameraMode":{"drawMode":0,"name":"Shaded","section":"Shading Mode"},"sceneLighting":true,"audioPlay":false,"sceneViewState":{"showFog":true,"showMaterialUpdate":true,"showSkybox":true,"showFlares":true,"showImageEffects":true,"showParticleSystems":true},"in2DMode":false,"pivot":{"x":48.5260009765625,"y":45.400001525878909,"z":25.185649871826173},"rotation":{"x":-0.0008033192716538906,"y":-0.9812993407249451,"z":0.19260308146476746,"w":-0.0038861206267029049},"size":4.4553422927856449,"orthographic":false}