{"cameraMode":{"drawMode":0,"name":"Shaded","section":"Shading Mode"},"sceneLighting":true,"audioPlay":false,"sceneViewState":{"showFog":true,"showMaterialUpdate":true,"showSkybox":true,"showFlares":true,"showImageEffects":true,"showParticleSystems":true},"in2DMode":false,"pivot":{"x":54.97257614135742,"y":10.997872352600098,"z":46.72626495361328},"rotation":{"x":0.1741609126329422,"y":0.5778301358222961,"z":-0.12793059647083283,"w":0.7870622277259827},"size":63.18768310546875,"orthographic":false}